file,status,processor,guest_instructions,model_ms,cycles,max_rss_bytes
memory_probe_5s_1.txt,incomplete,,,,,207568896
memory_probe_large.txt,complete,RV32_ISS,4194309,2940,,316620800
memory_probe_large_2.txt,complete,RV32_ISS,4194309,2941,,316653568
memory_probe_large_3.txt,complete,RV32_ISS,4194309,2925,,316522496
memory_probe_small.txt,complete,RV32_ISS,4101,21,,76529664
memory_probe_small_2.txt,complete,RV32_ISS,4101,22,,76365824
memory_probe_small_3.txt,complete,RV32_ISS,4101,21,,76759040
speed_probe_RV32_5S_1.txt,complete,RV32_5S,262149,7417,393225,
speed_probe_RV32_5S_2.txt,complete,RV32_5S,262149,7539,393225,
speed_probe_RV32_5S_3.txt,complete,RV32_5S,262149,7370,393225,
speed_probe_RV32_ISS_1.txt,complete,RV32_ISS,262149,187,262149,
speed_probe_RV32_ISS_2.txt,complete,RV32_ISS,262149,186,262149,
speed_probe_RV32_ISS_3.txt,complete,RV32_ISS,262149,185,262149,
