input,implementation,processor,length,instructions,cycles,text_bytes,static_data_bytes
12345671111111,gcc,RV32_ISS,0,1001,1001,1760,48872
12345671111111,assembly,RV32_ISS,0,947,947,1564,49217
25314672313211,gcc,RV32_ISS,1,1786,1786,1760,48872
25314672313211,assembly,RV32_ISS,1,1781,1781,1564,49217
23745612123332,gcc,RV32_ISS,3,3733,3733,1760,48872
23745612123332,assembly,RV32_ISS,3,3803,3803,1564,49217
21345671111111,gcc,RV32_ISS,11,15239128,15239128,1760,48872
21345671111111,assembly,RV32_ISS,11,14958590,14958590,1564,49217
54721631111111,gcc,RV32_ISS,11,41665268,41665268,1760,48872
54721631111111,assembly,RV32_ISS,11,40894417,40894417,1564,49217
